email,password
test1@eshop.com,Test1234!
test2@eshop.com,Test1234!
test3@eshop.com,Test1234!
test4@eshop.com,Test1234!
test5@eshop.com,Test1234!
test6@eshop.com,Test1234!
test7@eshop.com,Test1234!
test8@eshop.com,Test1234!
test9@eshop.com,Test1234!
test10@eshop.com,Test1234!
test11@eshop.com,Test1234!
test12@eshop.com,Test1234!
test13@eshop.com,Test1234!
test14@eshop.com,Test1234!
test15@eshop.com,Test1234!
test16@eshop.com,Test1234!
test17@eshop.com,Test1234!
test18@eshop.com,Test1234!
test19@eshop.com,Test1234!
test20@eshop.com,Test1234!
test21@eshop.com,Test1234!
test22@eshop.com,Test1234!
test23@eshop.com,Test1234!
test24@eshop.com,Test1234!
test25@eshop.com,Test1234!
test26@eshop.com,Test1234!
test27@eshop.com,Test1234!
test28@eshop.com,Test1234!
test29@eshop.com,Test1234!
test30@eshop.com,Test1234!
test31@eshop.com,Test1234!
test32@eshop.com,Test1234!
test33@eshop.com,Test1234!
test34@eshop.com,Test1234!
test35@eshop.com,Test1234!
test36@eshop.com,Test1234!
test37@eshop.com,Test1234!
test38@eshop.com,Test1234!
test39@eshop.com,Test1234!
test40@eshop.com,Test1234!
test41@eshop.com,Test1234!
test42@eshop.com,Test1234!
test43@eshop.com,Test1234!
test44@eshop.com,Test1234!
test45@eshop.com,Test1234!
test46@eshop.com,Test1234!
test47@eshop.com,Test1234!
test48@eshop.com,Test1234!
test49@eshop.com,Test1234!
test50@eshop.com,Test1234!
test51@eshop.com,Test1234!
test52@eshop.com,Test1234!
test53@eshop.com,Test1234!
test54@eshop.com,Test1234!
test55@eshop.com,Test1234!
test56@eshop.com,Test1234!
test57@eshop.com,Test1234!
test58@eshop.com,Test1234!
test59@eshop.com,Test1234!
test60@eshop.com,Test1234!
test61@eshop.com,Test1234!
test62@eshop.com,Test1234!
test63@eshop.com,Test1234!
test64@eshop.com,Test1234!
test65@eshop.com,Test1234!
test66@eshop.com,Test1234!
test67@eshop.com,Test1234!
test68@eshop.com,Test1234!
test69@eshop.com,Test1234!
test70@eshop.com,Test1234!
test71@eshop.com,Test1234!
test72@eshop.com,Test1234!
test73@eshop.com,Test1234!
test74@eshop.com,Test1234!
test75@eshop.com,Test1234!
test76@eshop.com,Test1234!
test77@eshop.com,Test1234!
test78@eshop.com,Test1234!
test79@eshop.com,Test1234!
test80@eshop.com,Test1234!
test81@eshop.com,Test1234!
test82@eshop.com,Test1234!
test83@eshop.com,Test1234!
test84@eshop.com,Test1234!
test85@eshop.com,Test1234!
test86@eshop.com,Test1234!
test87@eshop.com,Test1234!
test88@eshop.com,Test1234!
test89@eshop.com,Test1234!
test90@eshop.com,Test1234!
test91@eshop.com,Test1234!
test92@eshop.com,Test1234!
test93@eshop.com,Test1234!
test94@eshop.com,Test1234!
test95@eshop.com,Test1234!
test96@eshop.com,Test1234!
test97@eshop.com,Test1234!
test98@eshop.com,Test1234!
test99@eshop.com,Test1234!
test100@eshop.com,Test1234!
test101@eshop.com,Test1234!
test102@eshop.com,Test1234!
test103@eshop.com,Test1234!
test104@eshop.com,Test1234!
test105@eshop.com,Test1234!
test106@eshop.com,Test1234!
test107@eshop.com,Test1234!
test108@eshop.com,Test1234!
test109@eshop.com,Test1234!
test110@eshop.com,Test1234!
test111@eshop.com,Test1234!
test112@eshop.com,Test1234!
test113@eshop.com,Test1234!
test114@eshop.com,Test1234!
test115@eshop.com,Test1234!
test116@eshop.com,Test1234!
test117@eshop.com,Test1234!
test118@eshop.com,Test1234!
test119@eshop.com,Test1234!
test120@eshop.com,Test1234!
test121@eshop.com,Test1234!
test122@eshop.com,Test1234!
test123@eshop.com,Test1234!
test124@eshop.com,Test1234!
test125@eshop.com,Test1234!
test126@eshop.com,Test1234!
test127@eshop.com,Test1234!
test128@eshop.com,Test1234!
test129@eshop.com,Test1234!
test130@eshop.com,Test1234!
test131@eshop.com,Test1234!
test132@eshop.com,Test1234!
test133@eshop.com,Test1234!
test134@eshop.com,Test1234!
test135@eshop.com,Test1234!
test136@eshop.com,Test1234!
test137@eshop.com,Test1234!
test138@eshop.com,Test1234!
test139@eshop.com,Test1234!
test140@eshop.com,Test1234!
test141@eshop.com,Test1234!
test142@eshop.com,Test1234!
test143@eshop.com,Test1234!
test144@eshop.com,Test1234!
test145@eshop.com,Test1234!
test146@eshop.com,Test1234!
test147@eshop.com,Test1234!
test148@eshop.com,Test1234!
test149@eshop.com,Test1234!
test150@eshop.com,Test1234!
test151@eshop.com,Test1234!
test152@eshop.com,Test1234!
test153@eshop.com,Test1234!
test154@eshop.com,Test1234!
test155@eshop.com,Test1234!
test156@eshop.com,Test1234!
test157@eshop.com,Test1234!
test158@eshop.com,Test1234!
test159@eshop.com,Test1234!
test160@eshop.com,Test1234!
test161@eshop.com,Test1234!
test162@eshop.com,Test1234!
test163@eshop.com,Test1234!
test164@eshop.com,Test1234!
test165@eshop.com,Test1234!
test166@eshop.com,Test1234!
test167@eshop.com,Test1234!
test168@eshop.com,Test1234!
test169@eshop.com,Test1234!
test170@eshop.com,Test1234!
test171@eshop.com,Test1234!
test172@eshop.com,Test1234!
test173@eshop.com,Test1234!
test174@eshop.com,Test1234!
test175@eshop.com,Test1234!
test176@eshop.com,Test1234!
test177@eshop.com,Test1234!
test178@eshop.com,Test1234!
test179@eshop.com,Test1234!
test180@eshop.com,Test1234!
test181@eshop.com,Test1234!
test182@eshop.com,Test1234!
test183@eshop.com,Test1234!
test184@eshop.com,Test1234!
test185@eshop.com,Test1234!
test186@eshop.com,Test1234!
test187@eshop.com,Test1234!
test188@eshop.com,Test1234!
test189@eshop.com,Test1234!
test190@eshop.com,Test1234!
test191@eshop.com,Test1234!
test192@eshop.com,Test1234!
test193@eshop.com,Test1234!
test194@eshop.com,Test1234!
test195@eshop.com,Test1234!
test196@eshop.com,Test1234!
test197@eshop.com,Test1234!
test198@eshop.com,Test1234!
test199@eshop.com,Test1234!
test200@eshop.com,Test1234!
